TokenID,FileName,IPFS
24,file_file,ipfs://bafkreiafe2ion4276mysh6wcqlwj4gult7npvgcuiqbpxzcwspmwzsx6ha
25,file_file,ipfs://bafkreiafe2ion4276mysh6wcqlwj4gult7npvgcuiqbpxzcwspmwzsx6ha
26,file_file,ipfs://bafkreiafe2ion4276mysh6wcqlwj4gult7npvgcuiqbpxzcwspmwzsx6ha
27,file_file,ipfs://bafkreiafe2ion4276mysh6wcqlwj4gult7npvgcuiqbpxzcwspmwzsx6ha
28,file_file,ipfs://bafkreiafe2ion4276mysh6wcqlwj4gult7npvgcuiqbpxzcwspmwzsx6ha
29,file_file,ipfs://bafkreiafe2ion4276mysh6wcqlwj4gult7npvgcuiqbpxzcwspmwzsx6ha
30,file_file,ipfs://bafkreiafe2ion4276mysh6wcqlwj4gult7npvgcuiqbpxzcwspmwzsx6ha
31,file_file,ipfs://bafkreiafe2ion4276mysh6wcqlwj4gult7npvgcuiqbpxzcwspmwzsx6ha
32,dumbbells,ipfs://bafkreigw2m4c6vx4ud36ryd5lgoqjervfx27ngrzplk7dhze5bukfaa7te
33,dumbbells,ipfs://bafkreigw2m4c6vx4ud36ryd5lgoqjervfx27ngrzplk7dhze5bukfaa7te
33,dumbbells,ipfs://bafkreidmyfg7ho2lrbh27imwsflwmmqgrolepb6jjq6jutuxlccveb3eu4
34,dumbbells,ipfs://bafkreihncn7g54n3bti5tkrdbz3cud2yvqel7hrjv7r6xdmm56kprqrgt4
